TICKET_NUMBER,TICKET_CREATE_DTTM,TICKET_CREATED_BY,TICKET_TYPE,SAP_CODE,SAP_NAME,SAP_CREATED_DATE,REQUEST_INQUIRY_DATE,REQUESTED_BY,COUNTRY,BL_CD,SERVICE_TYPE,SUBJECT,CALLBACK_DATE,CALLBACK_TIME,REFERENCE_TICKET_NUMBER,REQUEST_MISSING_DOC_DATE,APPROVING_STATUS,APPROVING_DATE,REJECTION_DATE,STAGE,STATUS,TICKET_CLOSED_BY,TICKET_CLOSED_CODE,TICKET_CLOSED_NOTE,TICKET_CLOSED_DTTM,LAST_MODIFIED_BY,LAST_MODIFIED_DTTM
2025-000001-MATR,2025-12-29 06:23:07,BELL,Material,asdasd,asdas,2025-12-06,2025-12-29,,,,Material - Creation,,,,,,,2025-12-02,,99A Sap Created,Completed,BELL,Change - Completed,,2025-12-29 06:38:49,BELL,2025-12-29 06:38:49
2025-000004-MATR,2025-12-29 07:01:04,BELL,Material,gsdfg,fwefw,,2025-12-29,aicha.bouseksou@dksh.com,,,Material - Creation,,,,,,,,,2 Submitted,Open,,,,,BELL,2025-12-29 07:02:07
2025-000009-MATR,2025-12-29 07:22:29,BELL,Material,dfghfg,asd,,2025-12-29,agustin.gancedo@dksh.com,TH,,Material - Creation,,,,,,,2025-12-09,,3A Approved,Open,,,,,BELL,2025-12-29 07:25:51
2025-000007-MATR,2025-12-29 07:17:06,BELL,Material,sdfgsdfg,fewe,None,2025-12-29,ai.teng.soh@dksh.com,TH,,Material - Creation,,,,,,,2025-12-03,,99A Sap Created,Completed,BELL,Change - Completed,,2025-12-29 07:17:57,BELL,2025-12-29 07:17:57
2025-000010-MATR,2025-12-29 07:32:08,BELL,Material,etry,asdf,2025-12-11,2025-12-29,ai.teng.soh@dksh.com,FR,,Material - Creation,,,,,,,2025-12-03,,99A Sap Created,Completed,BELL,Change - Completed,,2025-12-29 07:38:45,BELL,2025-12-29 07:38:45
2025-000006-MATR,2025-12-29 07:16:13,BELL,Material,gsdfgs,gsd,None,2025-12-29,agustin.gancedo@dksh.com,TH,,Material - Creation,,,,,,,2025-12-04,,99A Sap Created,Completed,BELL,Change - Completed,,2025-12-29 07:16:52,BELL,2025-12-29 07:16:52
2025-000002-MATR,2025-12-29 06:38:56,BELL,Material,123432423,asd12312,,2025-12-29,,,,Material - Creation,,,,,,,,2025-12-30,99C Cancelled,Cancelled,BELL,Enquiry,ffawe,2025-12-29 06:44:02,BELL,2025-12-29 06:44:02
2025-000005-MATR,2025-12-29 07:05:08,BELL,Material,123123,dfghdfg,None,2025-12-29,ai.teng.soh@dksh.com,TH,,Material - Creation,,,,,,,2025-12-09,2025-12-09,99A Sap Created,Completed,BELL,Change - Completed,,2025-12-29 07:16:06,BELL,2025-12-29 07:16:06
2025-000008-MATR,2025-12-29 07:19:43,BELL,Material,srthgrd,sdfasf,,2025-12-29,aicha.bouseksou@dksh.com,TH,,Material - Creation,,,,,,,2025-12-10,,99A Sap Created,Completed,BELL,Change - Completed,,2025-12-29 07:19:54,BELL,2025-12-29 07:19:54
2025-000003-MATR,2025-12-29 06:44:42,BELL,Material,,fsdsdfgs,,2025-12-29,,,,Material - Creation,,,,,,,,,1 Requesting Documents,Open,,,,,BELL,2025-12-29 06:44:46
2025-000011-MATR,2025-12-29 07:42:43,BELL,Material,123123432,dsfghj,2025-12-10,2025-12-29,ai.teng.soh@dksh.com,AU,,Material - Creation,,,,,,,2025-12-04,,99A Sap Created,Completed,BELL,Change - Completed,,2025-12-29 07:54:28,BELL,2025-12-29 07:54:28
2025-000012-MATR,2025-12-29 07:54:35,BELL,Material,uguygbuyg,fgsdd,,2025-12-29,agustin.gancedo@dksh.com,IN,,Material - Creation,,,,,,,,,2 Submitted,Open,,,,,BELL,2025-12-29 07:54:52
